x,y
0.0028,0.101887
0.0032,0.108108
0.0036,0.115924
0.004,0.124305
0.0044,0.133292
0.0048,0.142928
0.0052,0.151878
0.0056,0.152845
0.006,0.153818
0.0064,0.154797
0.0068,0.155783
0.0072,0.156775
0.0076,0.157773
0.008,0.158777
0.0084,0.159788
0.0088,0.160805
0.0092,0.161829
0.0096,0.162859
0.01,0.162082
0.0104,0.160593
0.0108,0.159118
0.0112,0.157656
0.0116,0.156207
0.012,0.154772
0.0124,0.15335
0.0128,0.151941
0.0132,0.150545
0.0136,0.149162
0.014,0.147791
0.0144,0.146434
0.0148,0.145088
0.0152,0.143755
0.0156,0.142434
0.016,0.141126
0.0164,0.13864
0.0168,0.136199
0.0172,0.1338
0.0176,0.131444
0.018,0.129129
0.0184,0.126855
0.0188,0.124621
0.0192,0.122426
0.0196,0.12027
0.02,0.118152
0.0204,0.116071
0.0208,0.114027
0.0212,0.112019
0.0216,0.110046
0.022,0.107877
0.0224,0.105659
0.0228,0.103488
0.0232,0.101361
0.0236,0.099277
0.024,0.097237
0.0244,0.095238
0.0248,0.093281
0.0252,0.091364
0.0256,0.089486
0.026,0.087646
0.0264,0.085845
0.0268,0.084081
0.0272,0.082352
0.0276,0.08066
0.028,0.079002
0.0284,0.07541
0.0288,0.071981
0.0292,0.068708
0.0296,0.065584
0.03,0.062602
0.0304,0.059756
0.0308,0.057038
0.0312,0.054445
0.0316,0.051175
0.032,0.047123
0.0324,0.043391
0.0328,0.039955
0.0332,0.036792
0.0336,0.033878
0.034,0.030589
0.0344,0.027403
0.0348,0.024549
0.0352,0.021992
0.0356,0.020098
0.036,0.018862
0.0364,0.017702
0.0368,0.016614
0.0372,0.015592
0.0376,0.014634
0.038,0.015382
0.0384,0.016918
0.0388,0.018607
0.0392,0.020466
0.0396,0.022509
0.04,0.024757
0.0404,0.029198
0.0408,0.034436
0.0412,0.04076
0.0416,0.049308
0.042,0.059647
0.0424,0.071116
0.0428,0.081771
0.0432,0.094022
0.0436,0.104922
0.044,0.112507
0.0444,0.120641
0.0448,0.129363
0.0452,0.138716
0.0456,0.148745
0.046,0.158489
0.0464,0.168444
0.0468,0.179025
0.0472,0.19027
0.0476,0.202221
0.048,0.214923
0.0484,0.228423
0.0488,0.239188
0.0492,0.247684
0.0496,0.256481
0.05,0.265591
0.0504,0.275024
0.0508,0.284792
0.0512,0.294907
0.0516,0.305381
0.052,0.316228
0.0524,0.327459
0.0528,0.33909
0.0532,0.347492
0.0536,0.33451
0.054,0.322013
0.0544,0.309984
0.0548,0.298403
0.0552,0.287255
0.0556,0.276524
0.056,0.266193
0.0564,0.256249
0.0568,0.262043
0.0572,0.280394
0.0576,0.30003
0.058,0.321042
0.0584,0.343525
0.0588,0.367582
0.0592,0.393324
0.0596,0.420869
0.06,0.450343
0.0604,0.440917
0.0608,0.431689
0.0612,0.422653
0.0616,0.413807
0.062,0.405146
0.0624,0.396666
0.0628,0.388364
0.0632,0.380235
0.0636,0.365588
0.064,0.34311
0.0644,0.322013
0.0648,0.292864
0.0652,0.26015
0.0656,0.231089
0.066,0.205275
0.0664,0.184562
0.0668,0.171029
0.0672,0.158489
0.0676,0.146869
0.068,0.1361
0.0684,0.126121
0.0688,0.115749
0.0692,0.105462
0.0696,0.09609
0.07,0.08755
0.0704,0.081623
0.0708,0.080593
0.0712,0.079577
0.0716,0.078573
0.072,0.077583
0.0724,0.076604
0.0728,0.075638
0.0732,0.074684
0.0736,0.073742
0.074,0.072812
0.0744,0.071894
0.0748,0.070987
0.0752,0.070092
0.0756,0.069208
0.076,0.068335
0.0764,0.067474
0.0768,0.066623
0.0772,0.065663
0.0776,0.064018
0.078,0.062413
0.0784,0.060849
0.0788,0.059324
0.0792,0.057837
0.0796,0.056387
0.08,0.054974
0.0804,0.053596
0.0808,0.052253
0.0812,0.050943
0.0816,0.049666
0.082,0.048422
0.0824,0.047311
0.0828,0.046478
0.0832,0.045659
0.0836,0.044855
0.084,0.044065
0.0844,0.043289
0.0848,0.042527
0.0852,0.041778
0.0856,0.041042
0.086,0.040319
0.0864,0.039609
0.0868,0.038912
0.0872,0.038226
0.0876,0.037553
0.088,0.036892
0.0884,0.036217
0.0888,0.035555
0.0892,0.034904
0.0896,0.034266
0.09,0.033639
0.0904,0.033024
0.0908,0.03242
0.0912,0.031827
0.0916,0.031245
0.092,0.030673
0.0924,0.030112
0.0928,0.029561
0.0932,0.029021
0.0936,0.02849
0.094,0.027969
0.0944,0.027778
0.0948,0.028402
0.0952,0.02904
0.0956,0.029692
0.096,0.030359
0.0964,0.031041
0.0968,0.031738
0.0972,0.03245
0.0976,0.033179
0.098,0.033924
0.0984,0.034686
0.0988,0.035465
0.0992,0.037813
0.0996,0.040598
0.1,0.043588
0.1004,0.046799
0.1008,0.050246
0.1012,0.053947
0.1016,0.057921
0.102,0.059828
0.1024,0.060849
0.1028,0.061887
0.1032,0.062943
0.1036,0.064018
0.104,0.06511
0.1044,0.066221
0.1048,0.067351
0.1052,0.068501
0.1056,0.06967
0.106,0.070859
0.1064,0.072068
0.1068,0.073298
0.1072,0.072896
0.1076,0.072227
0.108,0.071563
0.1084,0.070906
0.1088,0.070254
0.1092,0.069609
0.1096,0.068969
0.11,0.068335
0.1104,0.067708
0.1108,0.067085
0.1112,0.066469
0.1116,0.065858
0.112,0.065253
0.1124,0.064654
0.1128,0.06406
0.1132,0.063058
0.1136,0.059683
0.114,0.05649
0.1144,0.053467
0.1148,0.050606
0.1152,0.047898
0.1156,0.045335
0.116,0.042909
0.1164,0.040613
0.1168,0.039266
0.1172,0.038574
0.1176,0.037895
0.118,0.037228
0.1184,0.036572
0.1188,0.035928
0.1192,0.035295
0.1196,0.034674
0.12,0.034063
0.1204,0.033463
0.1208,0.032874
0.1212,0.032295
0.1216,0.031726
0.122,0.031167
0.1224,0.030524
0.1228,0.029665
0.1232,0.02883
0.1236,0.028018
0.124,0.027229
0.1244,0.026463
0.1248,0.025718
0.1252,0.024994
0.1256,0.02429
0.126,0.023606
0.1264,0.022942
0.1268,0.022296
0.1272,0.022317
0.1276,0.022448
0.128,0.02258
0.1284,0.022713
0.1288,0.022846
0.1292,0.02298
0.1296,0.023115
0.13,0.023251
0.1304,0.023388
0.1308,0.023525
0.1312,0.023663
0.1316,0.023802
0.132,0.023942
0.1324,0.024083
0.1328,0.024224
0.1332,0.024367
0.1336,0.02451
0.134,0.024654
0.1344,0.024703
0.1348,0.024516
0.1352,0.02433
0.1356,0.024145
0.136,0.023962
0.1364,0.02378
0.1368,0.0236
0.1372,0.023421
0.1376,0.023243
0.138,0.023067
0.1384,0.022892
0.1388,0.022718
0.1392,0.022546
0.1396,0.022375
0.14,0.022205
0.1404,0.022205
0.1408,0.022205
0.1412,0.022205
0.1416,0.022205
0.142,0.022205
0.1424,0.022205
0.1428,0.022205
0.1432,0.022205
0.1436,0.022205
0.144,0.022205
0.1444,0.022205
0.1448,0.022205
0.1452,0.022205
0.1456,0.022205
0.146,0.022205
0.1464,0.022205
0.1468,0.022205
0.1472,0.022205
0.1476,0.022205
0.148,0.022205
0.1484,0.022205
0.1488,0.022205
0.1492,0.022205
0.1496,0.022205
0.15,0.022205
0.1504,0.022205
0.1508,0.022205
0.1512,0.022205
0.1516,0.022205
0.152,0.022205
0.1524,0.022205
0.1528,0.022205
0.1532,0.022205
0.1536,0.022205
0.154,0.022205
0.1544,0.022205
0.1548,0.022205
0.1552,0.022205
0.1556,0.022205
0.156,0.022205
0.1564,0.022205
0.1568,0.022205
0.1572,0.022205
0.1576,0.022205
0.158,0.022205
0.1584,0.022205
0.1588,0.022205
0.1592,0.022205
0.1596,0.022205
0.16,0.022205
0.1604,0.022205
0.1608,0.022205
0.1612,0.022205
0.1616,0.022205
0.162,0.022205
0.1624,0.022189
0.1628,0.022133
0.1632,0.022077
0.1636,0.022021
0.164,0.021965
0.1644,0.021909
0.1648,0.021854
0.1652,0.021798
0.1656,0.021743
0.166,0.021688
0.1664,0.021633
0.1668,0.021578
0.1672,0.021524
0.1676,0.021469
0.168,0.021415
0.1684,0.021514
0.1688,0.021613
0.1692,0.021713
0.1696,0.021814
0.17,0.021914
0.1704,0.022016
0.1708,0.022118
0.1712,0.02222
0.1716,0.022323
0.172,0.022426
0.1724,0.02253
0.1728,0.022634
0.1732,0.022739
0.1736,0.022844
0.174,0.022949
0.1744,0.022877
0.1748,0.022367
0.1752,0.021868
0.1756,0.02138
0.176,0.020903
0.1764,0.020437
0.1768,0.019981
0.1772,0.019535
0.1776,0.019099
0.178,0.018673
0.1784,0.018256
0.1788,0.017849
0.1792,0.017451
0.1796,0.017296
0.18,0.017456
0.1804,0.017618
0.1808,0.017781
0.1812,0.017946
0.1816,0.018113
0.182,0.018281
0.1824,0.01845
0.1828,0.018621
0.1832,0.018794
0.1836,0.018968
0.184,0.019144
0.1844,0.019322
0.1848,0.019501
0.1852,0.019682
0.1856,0.019864
0.186,0.01972
0.1864,0.019449
0.1868,0.019182
0.1872,0.018918
0.1876,0.018658
0.188,0.018402
0.1884,0.018148
0.1888,0.017899
0.1892,0.017653
0.1896,0.01741
0.19,0.017171
0.1904,0.016935
0.1908,0.016702
0.1912,0.016472
0.1916,0.016246
0.192,0.016022
