x, y
-199.11764705882354, 14.634146341463413
-189.11764705882354, 13.902439024390244
-177.64705882352942, 13.170731707317072
-163.52941176470588, 12
-150, 11.268292682926829
-139.11764705882354, 10.536585365853657
-126.47058823529412, 9.658536585365853
-115.88235294117646, 8.926829268292682
-105.58823529411765, 8.634146341463413
-95.88235294117646, 7.902439024390244
-86.76470588235294, 7.317073170731707
-77.6470588235294, 7.170731707317072
-67.05882352941177, 6.7317073170731705
-57.35294117647058, 6.439024390243902
-45.58823529411764, 6.292682926829268
-31.764705882352942, 6
-21.176470588235276, 5.121951219512195
-10.882352941176464, 4.975609756097561
-3.529411764705884, 3.8048780487804876
3.8235294117647243, 2.4878048780487805
8.823529411764724, 1.7560975609756095